user_id,hotel_id,rate_star
100000001838110,120125374732540,3
100000003027681,172095542845814,5
100000003911051,158689674204368,5
100000006542166,154417887804,1
100000007603931,158689674204368,5
100000008634737,155415196088,4
100000008724871,120125374732540,3
100000008724871,155415196088,5
100000011204996,155415196088,5
100000012559110,154417887804,4
100000015196329,178798805502805,4
100000015315103,155415196088,5
100000020155049,120125374732540,4
100000022037301,120125374732540,5
100000022037301,166478613405345,3
100000022601707,143738609018931,3
100000024735342,138826162963301,4
100000031118991,159149310881264,3
100000032542618,120125374732540,3
100000033283940,155415196088,1
100000033283940,158689674204368,5
100000036531306,177852742263101,5
100000056379390,154417887804,4
100000075624269,164636565409,5
100000139578020,323940062859,5
100000148213997,147611895600078,5
100000154662520,156320851099698,5
100000161385568,158689674204368,5
100000180526457,155415196088,5
100000193684494,160393637349239,5
100000209720620,144840492244832,5
100000219526555,155415196088,5
100000227956283,155415196088,5
100000237783119,159149310881264,4
100000280986256,323940062859,5
100000310105520,155415196088,5
100000359517051,172095542845814,5
100000419470239,179007188862336,3
100000550722096,323940062859,5
100000560373322,154417887804,4
100000659781431,158689674204368,2
100000832309403,154417887804,5
100000969833042,172095542845814,1
100000977786814,117843318367122,5
100001074840096,155415196088,5
100001074840096,158689674204368,5
100001147504083,154417887804,5
100001229906490,158689674204368,3
100001376660672,153930936150,5
100001448486935,155415196088,5
100001508516419,172095542845814,4
100001666335248,117843318367122,5
100001694628536,125187904254346,5
100001758205997,177852742263101,4
100001856613087,158689674204368,5
100001945585533,164636565409,5
100002029145183,323940062859,3
100002068708844,153930936150,1
100002086383319,164636565409,4
100002346431692,137450959610835,4
100002354915202,155415196088,3
100002354915202,158689674204368,5
100002386552300,116431445169619,5
100002386552300,117843318367122,5
100002386552300,120230848080105,5
100002386552300,153977564805074,5
100002386552300,155415196088,5
100002386552300,158689674204368,5
100002386552300,159319357432792,5
100002386552300,161719933937426,5
100002386552300,164443800279534,5
100002386552300,164636565409,5
100002386552300,166478613405345,5
100002386552300,168130960003446,5
100002386552300,235635661555,5
100002476074059,154417887804,4
100002499986404,153930936150,4
100002621631436,155415196088,5
100002621631436,158689674204368,5
100002621631436,177852742263101,5
100002703937662,125187904254346,5
100002762714938,164636565409,2
100002797716759,177852742263101,5
100002856594952,153930936150,4
100002960150768,154417887804,3
100003033195826,164636565409,5
100003060233648,158689674204368,5
100003074222493,154417887804,3
100003135945004,159149310881264,3
100003204686004,154417887804,2
100003302131170,117843318367122,5
100003351693664,146840172053796,5
100003599382407,137450959610835,5
100003599382407,172095542845814,5
100003712218623,108848622539178,5
100003758175737,120190574818017,5
100003827541909,164636565409,4
100003845538149,323940062859,3
100003952834962,129923493826574,5
100003957361477,117843318367122,5
100004001484811,153930936150,5
100004001484811,155415196088,5
100004001484811,159319357432792,4
100004001484811,178798805502805,4
100004033939007,153930936150,4
100004088979500,323940062859,5
100004131104268,177852742263101,4
100004189566162,155415196088,5
100004232981997,153930936150,5
100004315753402,158689674204368,5
100004326573913,153930936150,5
100004326573913,159149310881264,5
100004333637697,137450959610835,5
100004378996456,172095542845814,5
100004478051543,155415196088,5
100004552833527,154417887804,4
100004963330288,144840492244832,5
100004992043847,177852742263101,1
100005183204261,161719933937426,3
100005255083362,105713669505240,4
100005265547542,155415196088,3
100005277366913,172095542845814,5
100005410003757,323940062859,5
100005575987290,178798805502805,5
100005586607736,158689674204368,5
100006000282987,154417887804,5
100006050701054,155415196088,5
100006050701054,164636565409,5
100006073659169,158689674204368,5
100006314706508,159149310881264,4
100006432816839,158689674204368,5
100006460242923,179007188862336,4
100006490836207,179007188862336,2
100006653014096,164636565409,3
100006876901769,158689674204368,4
100006918168643,110449969042552,5
100006918168643,117843318367122,5
100006918168643,120230848080105,5
100006918168643,129923493826574,5
100006918168643,148592598530893,5
100006918168643,151462301571537,5
100006918168643,153977564805074,5
100006918168643,155155304551627,5
100006918168643,155415196088,5
100006918168643,161719933937426,5
100006918168643,164636565409,5
100006918168643,171567263038699,5
100006918168643,177852742263101,5
100006918168643,235635661555,5
100006969378359,172095542845814,4
100007006482315,155415196088,3
100007060812254,147680342090458,3
100007844224049,135324866614935,5
1004474797,158689674204368,5
1051284751,154417887804,5
1057897270,120125374732540,5
1057897270,155415196088,5
1082542239,323940062859,3
1306351711,143738609018931,1
1306351711,158689674204368,5
1322016324,158689674204368,5
1374772777,117843318367122,5
1403088666,164636565409,2
1421187337,177852742263101,3
1494110584,323940062859,3
1513281077,172095542845814,3
1513775348,164636565409,4
1539999299,153930936150,5
1598077508,155415196088,5
1598370104,178798805502805,5
1639983732,323940062859,4
1666551774,155415196088,5
1812344139,323940062859,5
1826425893,164636565409,2
521745901,172095542845814,4
559701552,177852742263101,5
623843766,155415196088,3
623843766,158689674204368,2
624118009,154417887804,5
664003959,153930936150,5
667012212,120125374732540,4
681347028,323940062859,5
737984834,164636565409,5
748760882,153930936150,2
755760252,164636565409,5
840113537,177852742263101,4
848097297,155415196088,5
100004087592469,148592598530893,4
100000310105520,155415196088,4
100005586607736,177852742263101,2
100003712218623,155415196088,4
638324973,172095542845814,2
100001856613087,110449969042552,3
100005832847679,161719933937426,3
100004818973680,148592598530893,5
100000038509577,158689674204368,2
100000024735342,129923493826574,5
100004774503900,164443800279534,1
639934260,177852742263101,3
100005752234150,129211230546960,5
100002762714938,172095542845814,4
100000094177915,116431445169619,3
100004480358405,148592598530893,4
100000237783119,108848622539178,1
100000997061036,143738609018931,5
615392190,179007188862336,1
100004378996456,147680342090458,4
100003845538149,117843318367122,3
1832124104,155415196088,4
1614901734,135324866614935,2
832262655,154417887804,4
100000032542618,177852742263101,2
100000550722096,105713669505240,4
549136173,120230848080105,4
100006996340435,159149310881264,5
1604012563,179007188862336,1
1614901734,323940062859,4
615392190,117843318367122,3
676024327,144823785656129,5
1519604796,110449969042552,2
832262655,120230848080105,3
100002703937662,143738609018931,2
100004090129698,117843318367122,2
1045016412,155415196088,1
1000580920,168130960003446,1
100000094177915,177852742263101,1
100000028326286,105713669505240,1
100004131104268,153930936150,3
100000969833042,108848622539178,5
100003782751990,164443800279534,5
632956657,235635661555,4
100000475956468,137450959610835,1
100003712218623,158689674204368,3
832262655,151462301571537,5
100001376660672,160393637349239,1
100007732368416,151462301571537,3
1494110584,177852742263101,2
100004232981997,125187904254346,2
100005832847679,148592598530893,5
100001351271211,129923493826574,5
100000540110220,164443800279534,1
100004550490223,144823785656129,3
100002574135258,137450959610835,5
100000028326286,108848622539178,4
639934260,172095542845814,1
680875986,160393637349239,3
100006893947085,323940062859,5
100003880778934,120477108108421,2
100000024735342,120230848080105,4
100001336830535,153930936150,5
582766997,120477108108421,3
1082542239,177852742263101,2
621088669,177852742263101,5
100000971012080,153930936150,2
100000861415627,164443800279534,5
100006266404424,138826162963301,2
631290400,154417887804,3
100001036962807,166478613405345,1
100004016086496,129211230546960,3
100004001484811,323940062859,3
610075538,148592598530893,4
100000524321454,159149310881264,5
100003612286027,138826162963301,3
100006432816839,155155304551627,3
1835701340,235635661555,3
547935794,135324866614935,5
100000148213997,120230848080105,3
100001606565162,155415196088,1
631290400,177852742263101,4
100000020546297,159149310881264,5
768940456,156320851099698,1
549136173,164443800279534,3
100005575987290,143738609018931,5
100004999806698,126883330726174,1
100000022063998,164443800279534,1
100000187826779,146373752131063,2
1604012563,129211230546960,5
100004774503900,120190574818017,4
100000861415627,108848622539178,2
1109970576,160393637349239,3
100000006542166,323940062859,5
1207703985,158689674204368,4
100004480358405,156320851099698,3
1812498467,147611895600078,4
1518174558,146840172053796,1
1061286240,166478613405345,3
100003957361477,129923493826574,1
1255223531,159319357432792,5
521745901,154417887804,4
1199917887,120477108108421,1
100000094177915,172095542845814,4
100004809481593,147611895600078,1
100000035637671,151462301571537,3
100007709821363,146840172053796,1
737984834,117843318367122,3
100005277366913,120477108108421,3
1237947698,135324866614935,1
100003864147955,120477108108421,2
1021751412,146840172053796,1
100000633337064,147611895600078,4
100000036531306,143738609018931,5
100001934884830,158689674204368,2
100003880778934,129923493826574,1
676024327,153977564805074,3
1693436495,120230848080105,1
100006266404424,117843318367122,4
1808734237,159149310881264,1
588197218,147680342090458,2
100001335317933,164443800279534,4
582766997,133247926884581,5
779285152,120230848080105,2
1109970576,120230848080105,4
559701552,159149310881264,3
100000182911565,120230848080105,5
621088669,120477108108421,3
100002952541299,323940062859,2
1835701340,168130960003446,3
676024327,125187904254346,2
100000161385568,137450959610835,5
100005071578333,116431445169619,3
100002029145183,166478613405345,4
693866924,120230848080105,2
100002572084234,146373752131063,4
1518174558,166478613405345,3
840113537,155155304551627,2
100006996340435,120477108108421,1
100003880778934,133247926884581,4
100003599382407,168130960003446,1
615392190,177852742263101,3
680875986,159319357432792,2
100006918168643,120125374732540,5
100002354915202,168130960003446,4
1812344139,108848622539178,4
100007482258317,137450959610835,5
1051284751,133247926884581,5
100000139578020,147611895600078,3
100001036962807,156320851099698,3
100003846499853,144840492244832,1
1821073255,120190574818017,1
100001508516419,147680342090458,4
534002516,144840492244832,2
100004094326500,172095542845814,4
100007616538060,323940062859,5
100000560373322,153977564805074,5
100002703937662,129211230546960,3
100004033939007,105713669505240,2
503147812,147680342090458,5
556334514,155415196088,1
100003983956936,105713669505240,5
100000007146226,323940062859,4
100001292307069,158689674204368,5
1004474797,164443800279534,2
100006000282987,129923493826574,4
100006893947085,156320851099698,2
100003014155074,144823785656129,1
100007384394511,323940062859,1
1835701340,144840492244832,5
100001335317933,154417887804,5
1277772887,164443800279534,2
100000014811515,148592598530893,5
100000125409787,159319357432792,3
100001017743059,172095542845814,2
100000314622333,158689674204368,2
1208583305,179007188862336,3
676024327,177852742263101,1
549136173,155415196088,3
1610063191,133247926884581,1
547935794,154417887804,1
100000767123248,171567263038699,1
100005410003757,160393637349239,4
100000185810386,154417887804,5
100003283588971,147611895600078,1
100001666335248,110449969042552,2
100002193972053,147611895600078,1
100000020984894,148592598530893,1
100002023041656,161719933937426,1
100002952541299,154417887804,2
1302404446,120125374732540,3
679053199,148592598530893,1
100007060812254,151462301571537,3
100000986980889,105713669505240,1
100004552833527,126883330726174,2
1646935423,179007188862336,2
534002516,129211230546960,3
100004888687580,158689674204368,5
1846207798,133247926884581,4
100001448486935,153930936150,3
100000022063998,178798805502805,2
100003712218623,164636565409,1
1183452776,155415196088,3
1644303521,164636565409,4
1178524031,110449969042552,1
100003074222493,158689674204368,2
100004232981997,117843318367122,5
100005883126013,158689674204368,4
1110390035,120190574818017,2
1497684066,155155304551627,1
100000185810386,164636565409,5
100000148213997,143738609018931,3
100004774503900,179007188862336,5
100003174275699,129211230546960,5
100004378996456,129923493826574,3
100003033195826,117843318367122,3
100000024735342,158689674204368,5
100001862587747,153930936150,2
608538621,117843318367122,5
100006660042941,179007188862336,1
549136173,172095542845814,5
100004480358405,164443800279534,1
1614901734,129923493826574,1
100000735842980,120125374732540,2
100001448486935,164636565409,1
100000977786814,144823785656129,3
27302595,154417887804,1
1518174558,154417887804,2
100001351271211,129211230546960,4
1610063191,161719933937426,5
100002614980807,168130960003446,4
100004091418215,178798805502805,3
100002023041656,155155304551627,5
100000031540532,177852742263101,1
100004376762871,153977564805074,5
556334514,147611895600078,2
1821073255,125187904254346,5
100006876901769,110449969042552,1
100000359517051,110449969042552,2
1045016412,168130960003446,1
100003714734748,147611895600078,2
100003846499853,166478613405345,3
100000767123248,168130960003446,5
100002499986404,155415196088,4
100001211029412,159319357432792,3
100004480358405,138826162963301,2
1604012563,178798805502805,1
100004189566162,156320851099698,5
100000033283940,120230848080105,3
100002621631436,151462301571537,2
1082542239,125187904254346,4
100000280986256,146840172053796,4
582766997,178798805502805,2
100005883126013,159319357432792,3
621088669,120230848080105,5
1635892542,235635661555,3
100005492740924,171567263038699,1
100002086383319,155155304551627,4
623843766,146840172053796,4
1223345930,153977564805074,3
100000861415627,168130960003446,3
100004088979500,105713669505240,1
100004818973680,143738609018931,2
779285152,166478613405345,3
100005265547542,144823785656129,2
100004999806698,144840492244832,2
1277772887,323940062859,2
100003714734748,129211230546960,5
624118009,155155304551627,1
519919668,146373752131063,5
100006293718247,154417887804,1
100000031540532,143738609018931,3
100003845538149,146840172053796,3
588197218,151462301571537,2
528403224,147611895600078,1
1139052964,120477108108421,5
100001758205997,120477108108421,3
100005405861610,171567263038699,5
100000139578020,172095542845814,3
100003845538149,172095542845814,3
1057897270,110449969042552,2
100003782751990,144840492244832,2
624118009,135324866614935,2
100004090129698,178798805502805,1
639934260,108848622539178,2
100000022601707,135324866614935,3
100000007146226,137450959610835,2
100004710841451,178798805502805,2
100003772971199,179007188862336,1
840113537,125187904254346,2
1277772887,135324866614935,4
1455259949,117843318367122,5
100003283588971,120230848080105,2
100003204686004,129211230546960,3
1635892542,177852742263101,4
100005339323005,129923493826574,4
100000031540532,155155304551627,1
100001682763431,178798805502805,2
1497684066,110449969042552,4
1207703985,164636565409,3
100003772971199,129211230546960,5
100004232981997,177852742263101,1
721147561,117843318367122,3
1255223531,171567263038699,2
100000516152018,160393637349239,4
100003612286027,178798805502805,4
100007006482315,159319357432792,2
100002476074059,125187904254346,1
1421187337,153977564805074,2
596843459,156320851099698,2
1518174558,110449969042552,1
680875986,323940062859,1
100003313892200,235635661555,2
100000275038806,166478613405345,4
100000735842980,171567263038699,1
100005243263626,120230848080105,5
27302595,120477108108421,3
100000810083170,153977564805074,2
100004088979500,158689674204368,1
100001276477282,147611895600078,2
100004326573913,160393637349239,4
100002952541299,159149310881264,4
100000015315103,144840492244832,1
100005243263626,159319357432792,1
100000698141752,155155304551627,4
100007616538060,105713669505240,2
100000020984894,129923493826574,4
100004243690185,155415196088,4
638324973,129211230546960,2
518507071,129923493826574,3
100004241835085,177852742263101,4
1519604796,117843318367122,4
779113419,138826162963301,2
100003351693664,108848622539178,3
100000986980889,125187904254346,3
100002023041656,146840172053796,5
100001856613087,120230848080105,3
100002375590481,159319357432792,1
100003060233648,143738609018931,5
100000698141752,120230848080105,1
100000031118991,153930936150,2
100000007603931,151462301571537,3
100000310105520,172095542845814,3
1513281077,108848622539178,5
100004057699445,120477108108421,4
1497684066,159319357432792,1
559701552,151462301571537,5
100000011204996,120125374732540,2
100004091418215,151462301571537,1
523535666,116431445169619,2
100005255083362,153930936150,5
100003313892200,164636565409,5
503147812,159319357432792,3
100001508032831,179007188862336,3
100004550490223,154417887804,5
100000524321454,143738609018931,1
615392190,156320851099698,4
100000036531306,164443800279534,2
779285152,147611895600078,4
100005494152691,164636565409,1
100000036531306,108848622539178,3
100004189566162,155155304551627,3
1322016324,108848622539178,2
100000006414987,110449969042552,1
100000008724871,147680342090458,5
100002040315377,146373752131063,2
100001819269129,161719933937426,3
100007397583775,156320851099698,2
100002726142573,120190574818017,4
1021751412,155415196088,3
100004091418215,160393637349239,1
100000008634737,144823785656129,1
1640683701,161719933937426,2
100001017743059,147611895600078,3
100000204015308,158689674204368,2
718963643,143738609018931,1
595805206,172095542845814,2
848097297,116431445169619,1
100000767123248,143738609018931,1
1838668139,161719933937426,4
1455259949,137450959610835,3
1519237200,155415196088,4
100006918168643,147611895600078,1
1322016324,147680342090458,3
100000698141752,166478613405345,3
27302595,155415196088,5
100003599382407,125187904254346,4
100005410003757,166478613405345,1
639236266,155155304551627,2
100005071578333,120230848080105,4
100000372097508,179007188862336,5
100006490836207,154417887804,5
1021751412,133247926884581,4
100000032542618,144840492244832,3
100002499986404,147611895600078,1
100003510892661,148592598530893,2
1378861717,146840172053796,5
100003880778934,144823785656129,5
715871287,146840172053796,5
100003772971199,159319357432792,2
1846207798,120477108108421,4
1513281077,143738609018931,5
100000003027681,171567263038699,1
100001913598791,120125374732540,2
100005277366913,116431445169619,4
779113419,129923493826574,1
100006893947085,146373752131063,3
695699667,133247926884581,2
100003338956617,144823785656129,4
100001758205997,164636565409,1
100007616538060,120125374732540,3
100004090129698,171567263038699,1
100006490836207,155415196088,2
100002771788104,146373752131063,3
100002068708844,120190574818017,2
1045016412,144823785656129,1
596843459,161719933937426,4
1604012563,126883330726174,2
100000310105520,120230848080105,1
100005492740924,108848622539178,2
100001376660672,153977564805074,1
100000035637671,133247926884581,3
100000524321454,125187904254346,5
664003959,148592598530893,1
100000154662520,138826162963301,4
100005752234150,154417887804,1
100001017743059,148592598530893,3
1323705021,146373752131063,5
100002040315377,323940062859,5
100003846499853,105713669505240,2
1518174558,146373752131063,2
100003864147955,168130960003446,5
641360200,133247926884581,2
1033042998,171567263038699,4
1808734237,235635661555,1
1178524031,144840492244832,1
748760882,235635661555,5
100006893947085,135324866614935,2
641360200,166478613405345,5
100000280986256,164636565409,2
100001147504083,144840492244832,1
100007732368416,108848622539178,4
613011705,108848622539178,1
100002726142573,108848622539178,4
100000659781431,151462301571537,5
1681009356,116431445169619,1
100001508032831,148592598530893,3
100000020155049,151462301571537,5
100000490538158,120190574818017,3
100004243690185,164636565409,1
100000056379390,146840172053796,4
506654084,144823785656129,3
100005494152691,153930936150,1
680875986,154417887804,1
100004992043847,137450959610835,1
528638902,178798805502805,3
1826425893,110449969042552,4
100005243263626,129211230546960,2
1384565379,110449969042552,2
737984834,153930936150,5
593081887,155155304551627,4
1325589954,117843318367122,1
100003845538149,116431445169619,4
100006000282987,120230848080105,4
100003846499853,168130960003446,4
100003846499853,147611895600078,1
518507071,159149310881264,1
100004057699445,116431445169619,4
100005948884662,155155304551627,5
1598077508,323940062859,5
1598077508,125187904254346,4
100003874893776,153930936150,5
1110390035,154417887804,1
693866924,105713669505240,4
100004404283808,323940062859,4
1063010754,138826162963301,4
100001276477282,171567263038699,1
556334514,120125374732540,5
100002797716759,146840172053796,1
100000014811515,154417887804,4
100005832847679,133247926884581,1
1378861717,105713669505240,2
100000185810386,159319357432792,3
1178524031,154417887804,2
100000275038806,147680342090458,4
100004088979500,160393637349239,5
100003074222493,125187904254346,3
1614901734,172095542845814,2
547935794,133247926884581,5
100001373619118,138826162963301,1
100003351693664,159319357432792,5
644190469,143738609018931,1
1598077508,156320851099698,2
100000597075136,110449969042552,1
100000227956283,179007188862336,1
667012212,137450959610835,5
549136173,126883330726174,4
1808734237,144823785656129,2
100000275038806,129923493826574,2
100002621631436,120190574818017,3
100003782751990,144823785656129,2
1644303521,110449969042552,5
676024327,120230848080105,5
100001074840096,164636565409,2
100004087592469,125187904254346,5
1539999299,138826162963301,4
100000006414987,235635661555,4
100000659781431,159319357432792,1
100000659781431,172095542845814,1
1021751412,172095542845814,5
1432832609,171567263038699,1
100003740956308,160393637349239,4
100000012559110,137450959610835,5
100006876901769,147680342090458,5
100000006542166,143738609018931,3
100003772971199,156320851099698,2
100000187826779,153977564805074,5
596843459,148592598530893,5
100003276515032,143738609018931,1
100005948884662,177852742263101,1
100004087592469,159319357432792,1
667012212,155155304551627,5
100003846499853,153977564805074,2
100000227956283,168130960003446,5
100004809481593,166478613405345,4
100007844224049,129211230546960,4
621088669,171567263038699,2
658824551,179007188862336,3
100000609208444,144840492244832,1
100006887556004,110449969042552,4
100006050701054,110449969042552,5
1255223531,166478613405345,5
1639983732,147611895600078,2
1208583305,178798805502805,3
1000580920,323940062859,2
100006996340435,144823785656129,1
100005883126013,120477108108421,4
100000314622333,168130960003446,4
100000997061036,235635661555,3
100007709821363,138826162963301,2
100000007709176,117843318367122,4
100000969833042,161719933937426,3
718963643,235635661555,2
695699667,168130960003446,4
100004315753402,161719933937426,4
100003846499853,160393637349239,3
681347028,235635661555,4
100006266404424,133247926884581,4
100006887556004,164636565409,4
100000002604450,143738609018931,4
680875986,235635661555,4
100002614980807,153930936150,3
569412541,177852742263101,5
100002771788104,143738609018931,4
100002193972053,133247926884581,5
519671326,161719933937426,3
1325589954,153930936150,2
549136173,143738609018931,2
588197218,133247926884581,5
1378861717,147611895600078,2
715871287,120125374732540,1
100000490538158,179007188862336,4
1208583305,148592598530893,5
100005803532298,137450959610835,2
610075538,147680342090458,4
100004315753402,129923493826574,5
100005277366913,126883330726174,5
639934260,156320851099698,4
1208583305,120477108108421,2
100004818973680,153930936150,4
100000012559110,155155304551627,5
100001303770837,120230848080105,4
519919668,159149310881264,5
100000003027681,116431445169619,1
100005838663214,155155304551627,4
100000219526555,147611895600078,5
100000161385568,156320851099698,3
519671326,116431445169619,5
100000810083170,323940062859,2
100000022601707,120230848080105,3
1497684066,129923493826574,4
1679703358,135324866614935,5
1051284751,148592598530893,2
1598077508,159149310881264,4
848097297,178798805502805,2
721147561,138826162963301,4
100000033283940,110449969042552,2
1610063191,126883330726174,3
100003772971199,126883330726174,4
1832124104,108848622539178,3
1082542239,120125374732540,3
768940456,155155304551627,3
100000006414987,135324866614935,4
100000007709176,178798805502805,1
613011705,159149310881264,2
100005492740924,120125374732540,5
1051284751,153930936150,4
1322016324,156320851099698,1
503147812,153930936150,4
1061286240,161719933937426,4
100000977786814,155155304551627,1
1374772777,159319357432792,4
1074302409,129211230546960,5
100006969378359,138826162963301,5
100000031540532,120125374732540,1
100003942458113,120230848080105,3
100003874893776,135324866614935,3
1208583305,151462301571537,4
100004963330288,155415196088,4
664003959,105713669505240,3
1082542239,129923493826574,3
100006653014096,159319357432792,5
1670277017,147680342090458,1
1561740523,156320851099698,5
100002881419376,160393637349239,5
100003302131170,146840172053796,4
100006969378359,153977564805074,5
100006562117716,323940062859,3
593081887,129211230546960,3
100003033195826,172095542845814,2
100000075624269,125187904254346,5
519671326,135324866614935,2
100000020546297,120190574818017,4
100001682763431,159149310881264,2
596843459,120190574818017,3
695699667,151462301571537,3
1057897270,144840492244832,4
100000659781431,144823785656129,2
100006918168643,146373752131063,3
100004552833527,110449969042552,1
100004809481593,129211230546960,4
100005492740924,172095542845814,3
100000524321454,105713669505240,5
100000237783119,146840172053796,4
100003276515032,144823785656129,2
100004333637697,133247926884581,2
100004090129698,159319357432792,3
100003714734748,323940062859,5
100006293718247,177852742263101,5
100005410003757,120190574818017,3
100000490538158,171567263038699,2
664003959,125187904254346,1
627461733,171567263038699,1
100000075624269,179007188862336,5
100002574135258,168130960003446,5
100000031540532,146373752131063,5
100002040315377,172095542845814,3
100000977786814,105713669505240,1
100003942458113,151462301571537,5
1808734237,138826162963301,4
1432832609,143738609018931,4
1021751412,160393637349239,1
1451956117,160393637349239,2
1255223531,146840172053796,4
1114475224,120190574818017,4
100002856594952,177852742263101,2
100000767123248,105713669505240,3
1821073255,143738609018931,3
100002797716759,147611895600078,1
100001074840096,172095542845814,4
100001373619118,144840492244832,4
100007616538060,146840172053796,1
641360200,179007188862336,3
100005586607736,120190574818017,1
100003621506511,159149310881264,3
693866924,137450959610835,5
100002086383319,147680342090458,2
639934260,164636565409,3
100000997061036,171567263038699,2
100004189566162,179007188862336,3
582766997,171567263038699,2
737984834,154417887804,1
100001591751323,138826162963301,1
100002621631436,120477108108421,3
100000475956468,323940062859,3
100003204686004,147611895600078,4
100000387923841,117843318367122,3
100003782751990,155155304551627,3
100000022037301,138826162963301,2
593081887,110449969042552,1
100003476848926,160393637349239,5
100006887556004,179007188862336,4
100001376660672,159319357432792,5
100000767123248,155415196088,2
100002621631436,172095542845814,1
100000633337064,117843318367122,3
100003983956936,125187904254346,2
100000475956468,164443800279534,4
100004243690185,146840172053796,1
100002703937662,135324866614935,5
100003621506511,116431445169619,2
613011705,143738609018931,2
1057897270,168130960003446,4
100002952541299,138826162963301,5
593081887,146840172053796,5
100001788107495,154417887804,2
100001211029412,120230848080105,1
593580496,177852742263101,3
768940456,158689674204368,5
100004818973680,159149310881264,3
100004550490223,171567263038699,1
100000036531306,146373752131063,3
100000161385568,129211230546960,5
1519604796,154417887804,5
100002797716759,158689674204368,1
63201280,146373752131063,4
100000020546297,143738609018931,4
100005497787187,105713669505240,5
100001292307069,120125374732540,5
100004094326500,135324866614935,4
100002476074059,177852742263101,3
100006794533776,137450959610835,3
100003033195826,171567263038699,3
100000986980889,138826162963301,4
100005883126013,120230848080105,2
100000550722096,158689674204368,4
100000094177915,144840492244832,3
100002841202016,148592598530893,1
100003712218623,135324866614935,2
100004241835085,120230848080105,5
1109970576,129211230546960,5
521745901,146373752131063,3
1838668139,129211230546960,1
100001036962807,120190574818017,1
100003060233648,116431445169619,5
1838668139,155155304551627,5
100004232981997,172095542845814,4
100000033283940,133247926884581,2
100004710841451,155155304551627,3
100002771788104,105713669505240,3
100004999806698,156320851099698,1
610075538,158689674204368,3
1451956117,147680342090458,1
519919668,161719933937426,3
638324973,146373752131063,4
100000187826779,146840172053796,5
100001211029412,129923493826574,2
1109970576,172095542845814,1
100006876901769,172095542845814,5
100005277366913,105713669505240,4
615622630,166478613405345,4
506654084,116431445169619,3
100002086383319,153977564805074,3
695699667,159319357432792,5
1384565379,155415196088,1
615392190,126883330726174,4
100003313892200,172095542845814,3
503147812,155155304551627,2
100000633337064,116431445169619,3
582766997,153977564805074,3
595805206,323940062859,5
100002822781677,129923493826574,4
100003712218623,116431445169619,1
100000475956468,146840172053796,3
100003612286027,159319357432792,1
100000012559110,120477108108421,5
1724485415,129923493826574,3
100001229906490,120477108108421,4
100003033195826,120190574818017,1
1846207798,168130960003446,3
721147561,177852742263101,1
100000524321454,171567263038699,4
100000832309403,137450959610835,2
100000007603931,177852742263101,4
100002726142573,120477108108421,5
100000020546297,177852742263101,5
748760882,120477108108421,3
100003846499853,164443800279534,3
100007006482315,120477108108421,2
1322016324,146373752131063,2
100001017743059,125187904254346,3
518507071,323940062859,3
1045016412,120477108108421,2
100001292307069,137450959610835,1
100002703937662,120190574818017,2
100000075624269,161719933937426,4
100004114540518,133247926884581,3
100000810083170,120477108108421,3
100005843806269,108848622539178,1
1598370104,171567263038699,5
100007616538060,164636565409,2
100000011204996,166478613405345,3
100003510892661,323940062859,5
100003864147955,137450959610835,3
1757460339,147611895600078,1
695699667,161719933937426,5
100003476848926,161719933937426,4
100000227956283,120477108108421,3
100003740956308,133247926884581,5
631290400,171567263038699,4
100004986103753,179007188862336,5
100006996340435,105713669505240,3
100007482258317,143738609018931,3
100003302131170,138826162963301,3
100000007603931,153930936150,3
1302404446,129211230546960,2
100000014811515,171567263038699,4
621088669,144840492244832,1
100000810083170,147611895600078,1
100005265547542,126883330726174,1
1832124104,147680342090458,4
715871287,164443800279534,3
100004774503900,120230848080105,1
1812344139,155415196088,5
100000258270676,137450959610835,4
1242378158,156320851099698,5
1635892542,151462301571537,5
100002068708844,133247926884581,2
1796930363,125187904254346,4
100004189566162,168130960003446,2
593580496,135324866614935,1
658824551,159319357432792,5
1808734237,137450959610835,4
587297798,153977564805074,2
100004333637697,144823785656129,4
100003302131170,108848622539178,3
582766997,110449969042552,2
100000056379390,159149310881264,3
100000075624269,110449969042552,3
100006794533776,146373752131063,5
1110390035,146373752131063,5
608538621,153930936150,5
100004241835085,129211230546960,1
621088669,235635661555,4
100004396568871,179007188862336,1
693866924,153930936150,4
534002516,108848622539178,2
624118009,178798805502805,3
1693436495,147611895600078,4
100003740956308,120125374732540,3
100006423340465,129923493826574,2
100000633337064,133247926884581,3
100001682763431,147611895600078,4
100000033283940,147680342090458,5
1223345930,108848622539178,4
100000139578020,120477108108421,4
100000035637671,155155304551627,5
556334514,178798805502805,5
100000387923841,178798805502805,1
100004087592469,120125374732540,4
100002692395181,126883330726174,4
100006918168643,158689674204368,5
100003782751990,146840172053796,3
100003782751990,125187904254346,2
708757798,178798805502805,4
100000028326286,120477108108421,5
100000031540532,129923493826574,3
1051284751,143738609018931,4
100000206175443,129923493826574,2
100000012559110,105713669505240,2
100004189566162,133247926884581,4
100006660042941,161719933937426,2
556334514,133247926884581,4
100000148213997,133247926884581,3
598358629,155415196088,5
100000524321454,172095542845814,4
100001236394012,117843318367122,3
100003612286027,108848622539178,4
100003476848926,146373752131063,1
100004459534023,158689674204368,2
587297798,168130960003446,5
100005948884662,164443800279534,1
100004550490223,159319357432792,5
100001508516419,144840492244832,3
547935794,120230848080105,3
100000262697327,155415196088,1
100004378996456,108848622539178,3
1838668139,156320851099698,1
1826425893,161719933937426,4
1051284751,160393637349239,3
100000262697327,164443800279534,5
100005803532298,144823785656129,3
100004131104268,159149310881264,4
100000246334862,126883330726174,4
100000031540532,164636565409,4
100000767123248,159319357432792,5
1724485415,158689674204368,3
100004478051543,168130960003446,3
100005405861610,105713669505240,5
100000609208444,117843318367122,2
658824551,146840172053796,3
1033042998,120230848080105,3
1679703358,129211230546960,5
1403088666,116431445169619,4
518507071,148592598530893,4
595805206,178798805502805,1
100006660042941,159319357432792,4
1237947698,153977564805074,1
100003283588971,171567263038699,2
1378861717,159319357432792,2
100001074840096,137450959610835,4
638324973,171567263038699,3
100000091444517,160393637349239,2
100000024735342,153930936150,4
100004818973680,144823785656129,5
100003074222493,146840172053796,5
1061286240,126883330726174,4
100000024735342,323940062859,3
100002726142573,137450959610835,3
100004478051543,153977564805074,1
748760882,168130960003446,3
100003942458113,110449969042552,4
100000861415627,166478613405345,2
100001135916578,138826162963301,2
549136173,144840492244832,5
100005803532298,116431445169619,2
100000003911051,179007188862336,2
100000031118991,120190574818017,3
100000633337064,164443800279534,2
100004057699445,120230848080105,4
100004552833527,108848622539178,2
1724485415,110449969042552,1
610075538,164443800279534,4
664598015,105713669505240,2
1724485415,146840172053796,4
100003782751990,159319357432792,2
100007397583775,171567263038699,3
100001591751323,110449969042552,1
100001147504083,147611895600078,5
100007709821363,154417887804,2
100000015315103,323940062859,1
100001508516419,159319357432792,4
100000310105520,153930936150,3
100001017743059,168130960003446,3
100003758175737,144840492244832,1
1322016324,120190574818017,5
100004378996456,148592598530893,4
100000161385568,108848622539178,1
100001819269129,154417887804,1
100002086383319,105713669505240,1
100003874893776,155415196088,4
621160468,108848622539178,3
100004333637697,120230848080105,1
100000012559110,156320851099698,1
598358629,120230848080105,1
100004033939007,126883330726174,2
100003599382407,120190574818017,2
664598015,125187904254346,2
729482138,138826162963301,3
708757798,146373752131063,4
100002499986404,161719933937426,1
100000986980889,158689674204368,2
1640683701,116431445169619,2
100000003911051,110449969042552,3
100000258270676,151462301571537,1
832262655,153930936150,1
100000006542166,166478613405345,4
100005255083362,164443800279534,4
100000003911051,138826162963301,1
547935794,146840172053796,1
100000419470239,153977564805074,1
100001591751323,116431445169619,1
100004001484811,120477108108421,4
1808734237,120477108108421,4
1644303521,153930936150,4
1611407525,179007188862336,4
100000550722096,146373752131063,4
100000206175443,148592598530893,4
100005575987290,161719933937426,4
100000035637671,108848622539178,3
100000033283940,116431445169619,1
100005183204261,178798805502805,4
1063010754,120125374732540,5
100006266404424,166478613405345,5
100000767123248,159149310881264,1
100002354915202,133247926884581,4
100006562931062,151462301571537,5
100001229906490,156320851099698,5
100000310105520,153977564805074,1
100006460242923,135324866614935,5
100001682763431,166478613405345,2
100003880778934,147680342090458,2
1384565379,164443800279534,1
100002771788104,153930936150,1
100001017743059,153977564805074,5
100000006414987,116431445169619,4
615392190,143738609018931,1
100003758175737,159149310881264,4
100002476074059,147680342090458,1
100000204015308,155415196088,3
1374772777,235635661555,4
100003846499853,164636565409,5
1519237200,143738609018931,2
100002574135258,151462301571537,4
100005575987290,120230848080105,1
1639983732,161719933937426,4
1255223531,158689674204368,1
100001598546521,120190574818017,4
680875986,156320851099698,2
588197218,156320851099698,5
100001694628536,105713669505240,1
100000633337064,146373752131063,1
1796930363,120190574818017,2
100000091444517,116431445169619,2
100007732368416,110449969042552,3
100002703937662,129923493826574,3
621088669,166478613405345,3
100002692395181,147680342090458,5
1812498467,159319357432792,1
740310814,116431445169619,3
100002346431692,144840492244832,5
681347028,120230848080105,5
1242378158,177852742263101,3
100004376762871,129923493826574,1
100000011204996,144823785656129,5
506654084,146373752131063,3
1350061605,153930936150,4
100002086383319,135324866614935,4
100000075624269,120190574818017,2
100004459534023,135324866614935,3
100007709821363,323940062859,1
100002476074059,160393637349239,4
100007732368416,159149310881264,1
100004333637697,178798805502805,2
100000490538158,177852742263101,3
639236266,178798805502805,3
100003283588971,153930936150,1
100003599382407,129923493826574,1
100004094326500,147611895600078,2
100000609208444,171567263038699,5
1082542239,137450959610835,2
100004189566162,172095542845814,4
100002193972053,158689674204368,4
100005562856369,178798805502805,3
755760252,129211230546960,3
100002086383319,144823785656129,2
1074784375,151462301571537,5
100000977786814,179007188862336,4
1082542239,153930936150,3
840113537,168130960003446,4
100000161385568,147611895600078,4
100005265547542,133247926884581,5
631290400,120190574818017,1
100001606565162,126883330726174,4
100003942458113,144840492244832,2
100000597075136,155415196088,3
100000031118991,143738609018931,3
100001147504083,155155304551627,1
100006918168643,135324866614935,3
100000007709176,108848622539178,2
658824551,129923493826574,1
1302404446,179007188862336,5
100005255083362,158689674204368,5
848097297,156320851099698,3
100000735842980,125187904254346,2
100007060812254,323940062859,5
100000193684494,137450959610835,5
721147561,156320851099698,4
100002726142573,160393637349239,1
100001927096613,146373752131063,1
739684002,179007188862336,4
100000024735342,146373752131063,1
549136173,166478613405345,3
1000580920,129923493826574,2
100003845538149,138826162963301,5
100000659781431,168130960003446,2
100005575987290,126883330726174,3
100000012559110,155415196088,1
1350061605,144823785656129,2
100003174275699,117843318367122,4
100006314706508,129211230546960,4
1838668139,143738609018931,1
100007832803616,153977564805074,1
100000007603931,110449969042552,5
621088669,129211230546960,4
100000609208444,177852742263101,2
1519237200,155155304551627,2
100001380631278,179007188862336,3
1323705021,120230848080105,2
100000372097508,153977564805074,5
547935794,156320851099698,5
100000659781431,323940062859,3
100004232981997,105713669505240,2
100001913598791,116431445169619,5
556334514,153977564805074,3
100000475956468,151462301571537,4
100000007146226,154417887804,2
100000193684494,177852742263101,4
100001376660672,159149310881264,5
100004057699445,172095542845814,4
100001211029412,151462301571537,4
100000219526555,151462301571537,4
1635892542,160393637349239,4
100000516152018,172095542845814,4
100000237783119,235635661555,2
100001036962807,143738609018931,2
1199917887,105713669505240,3
100000275038806,105713669505240,2
100000001838110,108848622539178,1
100000767123248,146840172053796,1
1455259949,155155304551627,4
100004326573913,117843318367122,2
100000003911051,147680342090458,1
1451956117,161719933937426,2
1518174558,120230848080105,1
100000161385568,161719933937426,2
100004033939007,133247926884581,1
100003845538149,161719933937426,4
100000227956283,155155304551627,1
100002856594952,159319357432792,5
593580496,153977564805074,1
100005410003757,144823785656129,4
100004552833527,146840172053796,4
100000372097508,148592598530893,3
100000810083170,158689674204368,4
100006996340435,110449969042552,2
100000475956468,135324866614935,2
100003074222493,179007188862336,3
100001276477282,146373752131063,4
100000372097508,172095542845814,2
1561740523,108848622539178,1
1679703358,105713669505240,4
100000032542618,153930936150,5
100004825651227,146840172053796,3
100001862587747,164443800279534,5
1598242447,138826162963301,1
1598077508,120230848080105,5
100001788107495,120230848080105,4
100005838663214,120230848080105,2
100004232981997,108848622539178,3
100007060812254,154417887804,2
100001934884830,120125374732540,2
624118009,129923493826574,2
100005967634932,110449969042552,1
1421187337,151462301571537,1
598358629,120125374732540,5
100000237783119,135324866614935,4
100003827541909,147611895600078,4
100000524321454,129923493826574,2
100000006414987,126883330726174,4
1796930363,129211230546960,1
100004809481593,120477108108421,3
100004090129698,116431445169619,4
1451956117,164636565409,5
1051284751,120477108108421,5
100007384394511,235635661555,1
100007832803616,133247926884581,2
100000193684494,135324866614935,5
1277772887,120477108108421,2
1037323773,105713669505240,1
100000002604450,155415196088,3
100000007146226,156320851099698,2
100007060812254,120125374732540,3
100003845538149,147611895600078,4
100000193684494,147611895600078,4
1467256311,129923493826574,5
100001591751323,143738609018931,5
721147561,158689674204368,1
100003135945004,168130960003446,2
100001913598791,120190574818017,2
100004480358405,120230848080105,2
667012212,146840172053796,3
100004094326500,160393637349239,5
100000154662520,160393637349239,1
693866924,143738609018931,4
603916342,323940062859,2
100006653014096,235635661555,3
1519604796,108848622539178,1
100001448486935,133247926884581,3
100000419470239,172095542845814,1
582766997,166478613405345,5
100002797716759,105713669505240,5
1302404446,148592598530893,1
100002375590481,146840172053796,1
100003880778934,146840172053796,1
100002375590481,143738609018931,5
100000735842980,160393637349239,5
598358629,120190574818017,1
100001934884830,125187904254346,5
519919668,143738609018931,3
100000003027681,117843318367122,3
100006000282987,156320851099698,1
100006969378359,129923493826574,4
100002771788104,155415196088,5
615392190,147611895600078,5
100004326573913,148592598530893,1
100003351693664,147611895600078,2
100002726142573,153930936150,2
100000154662520,147680342090458,1
100000262697327,108848622539178,4
100000359517051,129211230546960,5
100002881419376,126883330726174,5
559701552,323940062859,3
100004459534023,154417887804,3
100006314706508,154417887804,5
100004999806698,133247926884581,3
100000180526457,147680342090458,2
100000006414987,154417887804,3
100002354915202,151462301571537,3
593580496,148592598530893,3
100006996340435,108848622539178,5
100002762714938,148592598530893,1
100000022601707,171567263038699,2
100000154662520,144823785656129,5
100002476074059,172095542845814,4
100003846499853,146373752131063,5
100001758205997,168130960003446,1
1610063191,153930936150,1
100002692395181,138826162963301,5
679053199,144823785656129,2
100000275038806,147611895600078,1
100006293718247,105713669505240,4
100004241835085,156320851099698,3
100003174275699,164636565409,2
729482138,178798805502805,3
100000015315103,147611895600078,5
100002574135258,155415196088,5
1432832609,159149310881264,3
100003758175737,120125374732540,5
100000633337064,143738609018931,3
100003276515032,179007188862336,4
100004963330288,323940062859,1
1519604796,135324866614935,4
100000609208444,105713669505240,1
100006314706508,117843318367122,4
1838668139,159149310881264,3
755760252,120190574818017,4
658824551,160393637349239,1
1384565379,146840172053796,2
100003014155074,116431445169619,5
100000550722096,117843318367122,2
593580496,323940062859,2
1724485415,133247926884581,5
718963643,166478613405345,3
100000280986256,151462301571537,4
100005660080086,105713669505240,4
100000419470239,151462301571537,3
1796930363,120230848080105,1
100004999806698,148592598530893,3
100005494152691,177852742263101,4
100000597075136,120125374732540,4
100002703937662,120230848080105,3
100001927096613,155415196088,4
100000148213997,160393637349239,5
100002117640992,172095542845814,3
100001611628578,116431445169619,5
1114475224,108848622539178,3
623843766,133247926884581,4
100007006482315,120190574818017,3
100000006414987,147611895600078,1
1242378158,155415196088,5
693866924,164443800279534,2
519919668,120190574818017,4
100007006482315,144840492244832,4
638324973,166478613405345,2
100000206175443,151462301571537,3
100003621506511,164443800279534,5
100000846077971,126883330726174,2
1670277017,164636565409,2
1302404446,143738609018931,4
100005183204261,160393637349239,3
708757798,155415196088,4
100001508032831,159319357432792,2
100002499986404,108848622539178,2
100004243690185,129211230546960,5
100000597075136,108848622539178,1
100004090129698,147611895600078,2
1057897270,164636565409,5
779113419,161719933937426,3
100007709821363,155155304551627,2
100000997061036,144823785656129,3
100003204686004,235635661555,5
582766997,120230848080105,3
100003313892200,110449969042552,3
100000387923841,161719933937426,2
100004888687580,177852742263101,1
1074302409,323940062859,3
100007006482315,105713669505240,2
100000540110220,154417887804,4
100004986103753,235635661555,5
100001862587747,120230848080105,3
100002572084234,108848622539178,1
100000977786814,133247926884581,5
100004825651227,129211230546960,3
100001927096613,120125374732540,5
100002023041656,177852742263101,5
1255223531,178798805502805,1
1412995348,120477108108421,3
100004552833527,172095542845814,3
1114475224,120477108108421,3
100006490836207,138826162963301,5
100000024735342,164636565409,2
679053199,153977564805074,5
100007844224049,164636565409,2
100002726142573,156320851099698,2
100004818973680,120477108108421,5
100006562117716,155155304551627,4
521745901,144823785656129,2
1306351711,155415196088,1
100000012559110,166478613405345,3
100000540110220,153977564805074,4
100002432018603,105713669505240,5
100004986103753,153977564805074,2
1384565379,147611895600078,3
100000237783119,168130960003446,5
100000237783119,120190574818017,5
658824551,148592598530893,5
1635892542,154417887804,5
100000007603931,146840172053796,1
100000033283940,179007188862336,4
100004087592469,126883330726174,3
638324973,179007188862336,5
100001591751323,235635661555,2
1611407525,153977564805074,4
100001758205997,144823785656129,2
1518174558,160393637349239,2
664923221,166478613405345,5
100000767123248,154417887804,4
100000038509577,159149310881264,3
100004001484811,144840492244832,1
1724485415,151462301571537,4
100003033195826,120230848080105,4
1045016412,159149310881264,5
100000020546297,179007188862336,1
100000035637671,146373752131063,3
100006293718247,148592598530893,1
1421187337,171567263038699,2
1110390035,147611895600078,5
639934260,126883330726174,1
100000056379390,164636565409,4
100007384394511,168130960003446,2
1821073255,164443800279534,4
100002881419376,161719933937426,3
100000002604450,164636565409,4
1724485415,164636565409,4
100005575987290,147611895600078,3
569412541,151462301571537,1
1611407525,108848622539178,2
100001211029412,323940062859,3
100001147504083,160393637349239,4
1598077508,155155304551627,4
528403224,144840492244832,2
1646935423,178798805502805,5
100001236394012,172095542845814,5
100000698141752,110449969042552,2
100003621506511,146840172053796,3
596843459,172095542845814,4
100003827541909,172095542845814,1
100004033939007,178798805502805,5
100007482258317,159149310881264,5
100005410003757,178798805502805,3
1652543632,159319357432792,5
100004478051543,159149310881264,3
100006876901769,125187904254346,2
1519237200,158689674204368,3
100001606565162,138826162963301,5
100001236394012,166478613405345,2
100004326573913,159319357432792,5
100004999806698,159319357432792,2
100004992043847,160393637349239,1
100001351271211,120230848080105,5
100000280986256,129211230546960,3
100000206175443,129211230546960,5
740310814,158689674204368,1
100000846077971,161719933937426,3
1322016324,135324866614935,3
27302595,153977564805074,3
1074784375,155155304551627,3
100002499986404,168130960003446,2
1051284751,146373752131063,1
1467256311,161719933937426,1
1539999299,159319357432792,5
100000490538158,168130960003446,3
1306351711,137450959610835,2
1051284751,178798805502805,5
100006893947085,148592598530893,5
100003712218623,129923493826574,5
1598077508,153977564805074,3
100001913598791,160393637349239,3
100001508032831,144840492244832,5
100005277366913,158689674204368,2
1620489958,144840492244832,1
615622630,323940062859,4
100000419470239,156320851099698,5
100005883126013,179007188862336,3
100004404283808,137450959610835,4
100002952541299,156320851099698,3
1846207798,120230848080105,2
100004001484811,146840172053796,1
1681009356,155415196088,5
1519237200,120125374732540,2
593081887,151462301571537,2
1012057043,117843318367122,3
1051284751,147680342090458,5
1242378158,179007188862336,2
100005660080086,144840492244832,2
1838668139,120125374732540,5
1589618833,147611895600078,1
100001036962807,147680342090458,1
100002432018603,153930936150,4
1611407525,138826162963301,5
100007844224049,117843318367122,2
100000206175443,154417887804,2
100002117640992,164636565409,3
1412995348,105713669505240,5
1513281077,323940062859,2
100000015196329,151462301571537,2
1826425893,168130960003446,1
100003758175737,146373752131063,4
1846207798,166478613405345,4
519671326,148592598530893,1
1255223531,144823785656129,2
667012212,172095542845814,5
100003827541909,110449969042552,3
588197218,126883330726174,4
100000372097508,138826162963301,5
100000540110220,160393637349239,2
100000003027681,135324866614935,4
100002346431692,161719933937426,5
1037323773,147680342090458,4
100004478051543,177852742263101,3
100001862587747,172095542845814,5
100002206218166,144823785656129,4
100003758175737,144823785656129,1
1323705021,153977564805074,2
100000020546297,147680342090458,1
644190469,164443800279534,3
100001682763431,235635661555,1
100000180526457,153930936150,2
100003621506511,108848622539178,2
100000002604450,154417887804,2
1403088666,117843318367122,2
100005492740924,144823785656129,5
100003276515032,138826162963301,4
100000094177915,133247926884581,5
1846207798,154417887804,5
100003621506511,235635661555,3
100007384394511,110449969042552,5
1812344139,146840172053796,1
100000020984894,164636565409,1
100005838663214,137450959610835,3
1644303521,120477108108421,2
100007616538060,147680342090458,2
100005183204261,159319357432792,4
100006073659169,155155304551627,5
100003060233648,151462301571537,5
100005586607736,144840492244832,2
100007732368416,120125374732540,4
100000524321454,153977564805074,3
100001666335248,146840172053796,2
100004315753402,155415196088,3
100003621506511,166478613405345,5
100006893947085,153930936150,5
100000185810386,147611895600078,5
100003880778934,105713669505240,4
100001336830535,146373752131063,1
1012057043,147611895600078,2
832262655,137450959610835,4
100005492740924,153930936150,5
100002193972053,116431445169619,4
100006000282987,133247926884581,4
1021751412,137450959610835,3
100005494152691,159319357432792,2
100004459534023,161719933937426,5
1074302409,155415196088,5
1539999299,116431445169619,2
100000180526457,133247926884581,3
100000262697327,120477108108421,3
100001758205997,143738609018931,4
100003952834962,155155304551627,5
100007832803616,155155304551627,2
100002086383319,120190574818017,2
100003983956936,137450959610835,5
1681009356,120125374732540,5
100000540110220,120125374732540,2
100000275038806,155415196088,1
100001147504083,120190574818017,4
1846207798,164636565409,5
1322016324,120125374732540,5
1821073255,147680342090458,5
100002193972053,126883330726174,3
664003959,159149310881264,2
100002692395181,159149310881264,3
1323705021,116431445169619,1
100004480358405,159319357432792,5
100005803532298,129923493826574,1
100000280986256,133247926884581,1
100000031118991,108848622539178,4
100000419470239,120190574818017,2
100000139578020,129923493826574,1
100001819269129,178798805502805,1
100002193972053,120125374732540,3
100001147504083,164443800279534,1
100004333637697,155415196088,3
100000006542166,146373752131063,1
100000001838110,129211230546960,2
1835701340,156320851099698,4
100001508032831,156320851099698,1
779113419,323940062859,4
100000275038806,153930936150,5
100005843806269,125187904254346,3
1421187337,323940062859,5
1598242447,168130960003446,3
100004404283808,153930936150,4
1681009356,126883330726174,1
547935794,110449969042552,3
100002354915202,159319357432792,5
100004404283808,235635661555,5
100001819269129,153930936150,4
1021751412,143738609018931,1
100002193972053,110449969042552,1
100002499986404,120477108108421,5
100007397583775,160393637349239,1
100004809481593,178798805502805,1
1846207798,323940062859,3
506654084,153977564805074,1
1051284751,144823785656129,4
100000139578020,154417887804,1
100006918168643,120190574818017,1
100001666335248,129211230546960,2
1110390035,143738609018931,5
100000846077971,138826162963301,3
779113419,155155304551627,1
100004963330288,120477108108421,4
100000180526457,137450959610835,2
100005660080086,147680342090458,4
100002375590481,146373752131063,5
100005497787187,151462301571537,4
1057897270,151462301571537,4
832262655,126883330726174,4
664003959,151462301571537,3
100000005145400,154417887804,4
1403088666,168130960003446,1
1378861717,110449969042552,3
100001211029412,153977564805074,3
1796930363,161719933937426,2
100001682763431,126883330726174,5
748760882,159319357432792,5
680875986,146373752131063,5
100001017743059,156320851099698,5
100007709821363,151462301571537,3
1679703358,144823785656129,3
100003351693664,110449969042552,1
1497684066,172095542845814,1
1074784375,135324866614935,3
100006562117716,161719933937426,2
100005832847679,179007188862336,1
100003510892661,129211230546960,4
100003338956617,147680342090458,2
100003599382407,144840492244832,3
1223345930,120230848080105,2
100000006542166,138826162963301,3
603916342,168130960003446,2
100001351271211,147611895600078,1
100000609208444,161719933937426,4
100000419470239,105713669505240,1
658824551,108848622539178,2
603916342,129923493826574,5
100006562931062,147611895600078,1
1666551774,147611895600078,5
100003612286027,147611895600078,4
848097297,166478613405345,4
613011705,172095542845814,2
100005803532298,164443800279534,5
100003014155074,126883330726174,3
100001819269129,159319357432792,3
100000031118991,158689674204368,3
100004016086496,120477108108421,3
100007482258317,120190574818017,3
100000015315103,154417887804,2
1620489958,160393637349239,3
100004189566162,146840172053796,3
100000698141752,172095542845814,3
100002841202016,105713669505240,4
1519604796,126883330726174,5
100003174275699,138826162963301,4
1432832609,120230848080105,1
100005497787187,120125374732540,4
100005742132637,155155304551627,5
100004087592469,133247926884581,2
100002692395181,143738609018931,2
100004404283808,120230848080105,4
100002771788104,126883330726174,4
100000187826779,166478613405345,1
1412995348,179007188862336,3
100000997061036,153977564805074,3
100002346431692,138826162963301,1
100006073659169,164443800279534,5
100000419470239,161719933937426,3
100005405861610,144823785656129,1
100003476848926,125187904254346,2
100004091418215,125187904254346,2
100002762714938,110449969042552,1
100000206175443,110449969042552,5
613011705,144840492244832,5
100000310105520,129211230546960,4
100000022063998,120190574818017,5
569412541,138826162963301,5
100003827541909,120477108108421,2
27302595,179007188862336,3
100000002604450,125187904254346,5
615622630,144840492244832,1
1139052964,120125374732540,5
595805206,166478613405345,4
100003612286027,147680342090458,3
528403224,155155304551627,4
608538621,164443800279534,4
100005497787187,146840172053796,2
100004404283808,129211230546960,3
100004057699445,137450959610835,2
100005883126013,135324866614935,1
593081887,158689674204368,1
100006000282987,159319357432792,2
100000475956468,159319357432792,1
100001351271211,155415196088,5
100000219526555,147680342090458,4
100000148213997,155415196088,1
100001303770837,120125374732540,1
100000419470239,146840172053796,5
640598561,129211230546960,1
100000020155049,153930936150,2
621088669,143738609018931,3
640598561,171567263038699,3
534002516,155155304551627,5
556334514,138826162963301,1
100003712218623,156320851099698,4
1403088666,159319357432792,5
100001303770837,156320851099698,2
100000490538158,120477108108421,3
100000540110220,155415196088,2
100000810083170,178798805502805,4
1611407525,144823785656129,1
100003060233648,110449969042552,5
100004016086496,138826162963301,1
596843459,153930936150,3
667012212,153930936150,4
100006000282987,146373752131063,4
100001694628536,129923493826574,2
100004888687580,154417887804,5
100000056379390,166478613405345,5
100004001484811,125187904254346,1
639934260,166478613405345,3
100000022063998,138826162963301,1
100004992043847,147611895600078,4
100005255083362,133247926884581,1
1598077508,158689674204368,2
100002762714938,105713669505240,1
100001147504083,161719933937426,4
100000007146226,116431445169619,5
100004774503900,160393637349239,2
1000580920,117843318367122,2
100006314706508,235635661555,3
593580496,129923493826574,3
1000580920,125187904254346,1
100004396568871,156320851099698,3
1139052964,151462301571537,3
1325589954,155415196088,4
100004774503900,159149310881264,4
100000056379390,129923493826574,5
1835701340,120230848080105,4
100005843806269,120125374732540,2
100001606565162,172095542845814,5
848097297,138826162963301,3
1640683701,160393637349239,4
518507071,153930936150,2
596843459,117843318367122,5
100002206218166,147611895600078,5
100002822781677,235635661555,3
100001211029412,160393637349239,3
100002797716759,135324866614935,2
639236266,138826162963301,1
627461733,144823785656129,4
503147812,147611895600078,3
1412995348,155415196088,4
1037323773,158689674204368,1
681347028,125187904254346,4
100001147504083,116431445169619,5
693866924,164636565409,1
100000997061036,120125374732540,1
100000609208444,148592598530893,3
1432832609,135324866614935,5
1208583305,146373752131063,4
603916342,159319357432792,5
506654084,108848622539178,1
1513281077,120125374732540,3
100000359517051,155155304551627,3
100002856594952,153977564805074,4
569412541,117843318367122,2
100001682763431,146373752131063,5
100001335317933,178798805502805,1
100002960150768,164636565409,5
1255223531,108848622539178,3
523535666,159319357432792,4
100000182911565,155415196088,4
100003845538149,171567263038699,2
1306351711,110449969042552,1
1757460339,159149310881264,2
1384565379,159319357432792,3
100005265547542,164443800279534,5
100002797716759,137450959610835,2
100004888687580,146840172053796,5
100000180526457,129923493826574,4
1322016324,138826162963301,3
100003621506511,143738609018931,3
100005967634932,156320851099698,1
100002692395181,164636565409,1
1378861717,120125374732540,1
1255223531,159149310881264,4
100000846077971,164636565409,4
100000075624269,159319357432792,3
100004057699445,159319357432792,2
100004001484811,146373752131063,3
748760882,154417887804,1
100003302131170,116431445169619,1
100006423340465,153930936150,3
100003276515032,155155304551627,3
1350061605,147611895600078,4
549136173,156320851099698,3
100002771788104,125187904254346,2
100003074222493,164443800279534,3
100000008634737,178798805502805,5
100000125409787,137450959610835,3
100003983956936,155155304551627,4
1378861717,164443800279534,3
100007060812254,120230848080105,2
100006969378359,235635661555,3
564713440,151462301571537,3
100000310105520,120125374732540,5
644190469,323940062859,1
100004243690185,117843318367122,5
100002193972053,156320851099698,1
848097297,135324866614935,5
1199917887,147680342090458,1
100001508516419,108848622539178,4
100005838663214,156320851099698,2
100000832309403,147680342090458,5
100000015315103,164636565409,4
1635892542,164636565409,5
1598370104,138826162963301,5
100004888687580,155155304551627,4
1757460339,154417887804,5
1455259949,110449969042552,3
503147812,120477108108421,3
664923221,156320851099698,4
519919668,168130960003446,4
100007006482315,158689674204368,2
1497684066,133247926884581,4
1223345930,143738609018931,2
1796930363,159149310881264,1
100003313892200,129923493826574,1
593081887,159319357432792,5
100002386552300,159149310881264,4
534002516,158689674204368,5
100006423340465,120125374732540,5
1178524031,120477108108421,4
100000015196329,146373752131063,5
840113537,147680342090458,3
1821073255,146373752131063,4
100001147504083,153930936150,2
100007732368416,153977564805074,1
100001376660672,129923493826574,4
100000028326286,146840172053796,3
840113537,161719933937426,4
1233536277,177852742263101,1
1199917887,135324866614935,4
639236266,120230848080105,4
621160468,129923493826574,2
564713440,153930936150,4
100006660042941,172095542845814,3
100000227956283,146373752131063,1
1074302409,156320851099698,5
100000154662520,171567263038699,1
1109970576,164443800279534,2
569412541,159149310881264,1
1679703358,147680342090458,3
1598370104,135324866614935,2
100000490538158,146373752131063,4
100002762714938,133247926884581,5
100000419470239,159319357432792,2
100002117640992,158689674204368,4
100003060233648,235635661555,3
100003621506511,148592598530893,4
100001913598791,108848622539178,1
100002726142573,105713669505240,3
100000125409787,120477108108421,4
100001682763431,153977564805074,1
100000022063998,120230848080105,2
100002726142573,172095542845814,2
100003060233648,154417887804,2
100000969833042,138826162963301,2
100004243690185,160393637349239,4
1639983732,178798805502805,3
100006314706508,120125374732540,3
100003033195826,144840492244832,3
100000002604450,144840492244832,1
1178524031,117843318367122,1
100005265547542,159319357432792,3
664923221,147680342090458,3
681347028,171567263038699,4
1808734237,133247926884581,1
100000125409787,144823785656129,3
1757460339,166478613405345,5
100000550722096,164636565409,3
1302404446,147680342090458,1
100005586607736,161719933937426,5
100001074840096,120230848080105,4
1838668139,160393637349239,2
100000969833042,159149310881264,5
100000187826779,164636565409,1
1325589954,105713669505240,1
100004888687580,138826162963301,5
100001373619118,178798805502805,2
100000359517051,159149310881264,5
1451956117,129923493826574,3
100002375590481,323940062859,3
547935794,171567263038699,1
100003510892661,110449969042552,4
595805206,120125374732540,2
100004552833527,147611895600078,5
100006794533776,171567263038699,4
100004396568871,172095542845814,4
100000810083170,155155304551627,1
1796930363,143738609018931,1
1832124104,144840492244832,3
100000550722096,155415196088,4
100004809481593,160393637349239,2
100004016086496,116431445169619,4
100000011204996,105713669505240,3
100006314706508,179007188862336,4
100004888687580,120190574818017,2
679053199,168130960003446,4
100002476074059,153930936150,3
100003283588971,323940062859,3
1497684066,168130960003446,2
748760882,161719933937426,5
100004016086496,126883330726174,3
100003758175737,235635661555,5
100003845538149,120477108108421,2
100005967634932,154417887804,4
639236266,117843318367122,2
1497684066,323940062859,1
100006660042941,160393637349239,3
1207703985,172095542845814,3
100007616538060,172095542845814,5
100001211029412,137450959610835,5
100004818973680,171567263038699,3
100000154662520,235635661555,4
100000609208444,137450959610835,3
518507071,116431445169619,5
100002822781677,172095542845814,5
100000180526457,160393637349239,2
1826425893,166478613405345,2
100003621506511,159319357432792,2
100001819269129,129923493826574,2
100001292307069,153977564805074,2
693866924,144840492244832,1
100001351271211,235635661555,4
679053199,155415196088,1
1033042998,323940062859,2
779113419,172095542845814,5
100002354915202,126883330726174,1
100004087592469,135324866614935,1
100002771788104,156320851099698,4
100004033939007,129923493826574,4
1639983732,172095542845814,5
100005265547542,166478613405345,4
768940456,108848622539178,1
664003959,146840172053796,2
100005497787187,171567263038699,2
100003772971199,159149310881264,2
100000262697327,153977564805074,3
639934260,135324866614935,4
100004232981997,147611895600078,5
1199917887,172095542845814,1
100000609208444,158689674204368,2
100005948884662,105713669505240,4
100003338956617,154417887804,1
1598242447,133247926884581,1
641360200,116431445169619,5
1074784375,178798805502805,2
100000007603931,146373752131063,1
100004094326500,177852742263101,5
100000246334862,144823785656129,4
100002206218166,151462301571537,4
100001373619118,147611895600078,2
100000182911565,153977564805074,3
100005832847679,105713669505240,3
100000033283940,153930936150,1
100004999806698,177852742263101,1
519671326,138826162963301,3
503147812,137450959610835,5
100004478051543,144823785656129,2
100000007603931,160393637349239,2
1021751412,323940062859,1
100000971012080,155415196088,5
100002117640992,120190574818017,4
27302595,120190574818017,3
100000475956468,161719933937426,4
100000846077971,164443800279534,4
100001611628578,137450959610835,5
1610063191,144823785656129,2
100000020155049,160393637349239,3
1826425893,156320851099698,3
100006000282987,155155304551627,5
100000022601707,133247926884581,1
1021751412,117843318367122,3
100001017743059,159149310881264,5
100000419470239,129923493826574,2
100007832803616,120125374732540,4
1051284751,138826162963301,2
1325589954,177852742263101,3
1640683701,148592598530893,1
100006996340435,168130960003446,1
729482138,143738609018931,2
100000359517051,151462301571537,5
100000007146226,168130960003446,5
100004001484811,160393637349239,4
100003599382407,161719933937426,3
100000209720620,155155304551627,4
100000020984894,151462301571537,2
1467256311,120230848080105,4
848097297,129211230546960,4
1518174558,171567263038699,3
100004033939007,156320851099698,3
1640683701,158689674204368,2
100004710841451,147680342090458,5
1139052964,156320851099698,5
100000161385568,126883330726174,3
100002614980807,120190574818017,3
100002023041656,117843318367122,4
100006432816839,159149310881264,4
100000015196329,159149310881264,5
100000206175443,144823785656129,4
100000003027681,155155304551627,5
100001373619118,120190574818017,3
100003074222493,144823785656129,2
100005277366913,133247926884581,4
595805206,129211230546960,2
100000971012080,323940062859,4
100004232981997,138826162963301,5
100001335317933,133247926884581,4
100003714734748,146373752131063,4
1139052964,137450959610835,5
100001017743059,235635661555,4
100000540110220,144840492244832,1
100005832847679,146840172053796,1
100003758175737,137450959610835,3
748760882,177852742263101,1
100000193684494,235635661555,4
100001448486935,172095542845814,5
1670277017,120125374732540,5
100005803532298,105713669505240,2
100006050701054,159149310881264,4
1208583305,146840172053796,4
680875986,126883330726174,3
1812344139,164636565409,1
1611407525,137450959610835,3
100000011204996,143738609018931,1
100000767123248,129211230546960,1
503147812,158689674204368,5
848097297,108848622539178,5
739684002,120125374732540,5
100007482258317,125187904254346,2
100002621631436,117843318367122,4
100000505024702,178798805502805,1
1421187337,154417887804,4
100000125409787,155155304551627,5
1494110584,172095542845814,2
832262655,129211230546960,4
100001819269129,126883330726174,5
100000387923841,126883330726174,3
1519237200,153930936150,3
100006887556004,144840492244832,1
715871287,161719933937426,4
100003174275699,158689674204368,2
100001862587747,155155304551627,5
1000580920,177852742263101,2
624118009,148592598530893,4
100002117640992,137450959610835,1
740310814,133247926884581,4
100003714734748,155415196088,5
1835701340,155155304551627,1
100002621631436,125187904254346,1
100007006482315,144823785656129,1
1000580920,155155304551627,1
100001682763431,116431445169619,2
100001236394012,146373752131063,5
100000015315103,125187904254346,1
100001351271211,146373752131063,1
100001788107495,160393637349239,5
100004459534023,164636565409,4
640598561,178798805502805,5
519919668,147680342090458,3
1681009356,172095542845814,5
100000094177915,146373752131063,4
1033042998,148592598530893,1
100000767123248,178798805502805,3
100000560373322,178798805502805,5
615622630,159319357432792,3
1826425893,147611895600078,5
100001788107495,171567263038699,2
100001147504083,126883330726174,1
100006460242923,120230848080105,1
100001211029412,147680342090458,5
100000971012080,171567263038699,2
100002822781677,135324866614935,2
100003942458113,323940062859,3
100000020546297,147611895600078,5
100000125409787,129211230546960,4
582766997,156320851099698,3
100003276515032,153930936150,2
740310814,147611895600078,5
100001666335248,138826162963301,2
1611407525,178798805502805,4
613011705,137450959610835,1
100000698141752,323940062859,5
1646935423,154417887804,1
100003772971199,108848622539178,1
100001694628536,164636565409,5
1302404446,235635661555,3
100000008724871,146373752131063,1
1421187337,164636565409,4
100003599382407,159319357432792,2
1432832609,133247926884581,1
100001036962807,164636565409,3
1826425893,144823785656129,4
100001380631278,148592598530893,1
100001788107495,108848622539178,2
1604012563,116431445169619,4
100002476074059,179007188862336,1
1644303521,125187904254346,1
100002960150768,168130960003446,1
641360200,117843318367122,5
100001135916578,171567263038699,2
100001373619118,166478613405345,1
1021751412,161719933937426,3
664598015,117843318367122,1
100000020155049,105713669505240,3
100007384394511,138826162963301,4
100001335317933,135324866614935,1
1494110584,148592598530893,3
547935794,159319357432792,5
100000006542166,179007188862336,1
534002516,120190574818017,3
1693436495,235635661555,1
100002432018603,160393637349239,2
608538621,168130960003446,5
100000969833042,153930936150,4
100001448486935,108848622539178,5
1139052964,153930936150,1
1110390035,125187904254346,5
100001303770837,159149310881264,5
100000997061036,179007188862336,4
534002516,179007188862336,4
100000185810386,155155304551627,1
100003204686004,117843318367122,4
1306351711,323940062859,4
1323705021,159319357432792,1
739684002,177852742263101,1
100000767123248,235635661555,4
100000187826779,151462301571537,2
100001856613087,177852742263101,1
100004478051543,148592598530893,4
1114475224,129923493826574,1
100000227956283,171567263038699,1
506654084,159149310881264,2
100001598546521,164443800279534,4
100001135916578,129923493826574,1
100005948884662,323940062859,5
1812498467,153930936150,4
100003338956617,120477108108421,5
100000609208444,125187904254346,1
1057897270,116431445169619,1
100003338956617,146840172053796,5
1681009356,146373752131063,5
100000031540532,117843318367122,3
100002771788104,110449969042552,4
638324973,153930936150,4
100000698141752,147611895600078,3
100000011204996,159149310881264,2
100003621506511,151462301571537,5
1306351711,120230848080105,2
100003621506511,146373752131063,4
100000022063998,168130960003446,1
100000008634737,148592598530893,5
100000002604450,146840172053796,2
100006893947085,120230848080105,4
624118009,164443800279534,2
1611407525,146840172053796,2
100001819269129,323940062859,1
641360200,164636565409,1
1277772887,125187904254346,3
664923221,129923493826574,5
100003772971199,177852742263101,1
100000005145400,120477108108421,4
641360200,129211230546960,2
718963643,171567263038699,4
100002499986404,125187904254346,1
519919668,151462301571537,1
1237947698,110449969042552,2
1652543632,155155304551627,2
100003782751990,154417887804,4
100004992043847,148592598530893,4
100003283588971,144823785656129,3
100002703937662,133247926884581,2
621160468,155155304551627,1
100005586607736,160393637349239,3
1004474797,153977564805074,3
695699667,144840492244832,1
100000314622333,172095542845814,3
100004033939007,146840172053796,1
100004114540518,171567263038699,5
1451956117,155415196088,4
100000005145400,129211230546960,3
1652543632,129211230546960,1
100003283588971,168130960003446,5
100001682763431,135324866614935,3
547935794,166478613405345,1
100004333637697,129211230546960,4
100000977786814,153930936150,5
63201280,159319357432792,2
100000015196329,126883330726174,1
100000977786814,148592598530893,5
534002516,178798805502805,1
100000659781431,146373752131063,4
100006050701054,177852742263101,4
1467256311,105713669505240,1
1604012563,144840492244832,2
598358629,137450959610835,1
632956657,137450959610835,4
1652543632,168130960003446,1
100002432018603,171567263038699,1
100001508516419,154417887804,3
100000609208444,179007188862336,1
768940456,164443800279534,5
100003740956308,146373752131063,2
100005843806269,144823785656129,3
100002960150768,135324866614935,5
1635892542,144840492244832,1
1378861717,147680342090458,2
100007732368416,323940062859,4
100007060812254,166478613405345,2
100000154662520,177852742263101,3
100001591751323,144840492244832,1
100000227956283,161719933937426,2
1110390035,144840492244832,5
100000185810386,126883330726174,5
100005660080086,146373752131063,3
521745901,161719933937426,5
100000204015308,110449969042552,1
1412995348,235635661555,1
100000209720620,133247926884581,1
100001135916578,135324866614935,4
100003740956308,153930936150,1
100000258270676,158689674204368,2
1325589954,146840172053796,3
100000633337064,146840172053796,2
100004088979500,125187904254346,2
100006887556004,108848622539178,4
559701552,138826162963301,3
1670277017,125187904254346,5
100001229906490,168130960003446,5
100006918168643,156320851099698,1
100003983956936,120125374732540,4
100004088979500,133247926884581,5
100000275038806,155155304551627,4
100004241835085,116431445169619,2
100004825651227,147611895600078,3
547935794,151462301571537,3
1323705021,147611895600078,2
100003276515032,146840172053796,3
100005967634932,129923493826574,4
1255223531,168130960003446,5
603916342,137450959610835,4
1519237200,178798805502805,5
1519604796,144823785656129,3
100002086383319,120230848080105,2
100004376762871,158689674204368,2
100003846499853,129211230546960,1
100004999806698,120230848080105,1
100006876901769,156320851099698,2
100004999806698,120477108108421,1
100000209720620,164443800279534,5
100006653014096,146840172053796,3
100003845538149,153977564805074,4
100001276477282,126883330726174,2
587297798,164636565409,1
100001276477282,147680342090458,5
100004404283808,156320851099698,1
100000125409787,120125374732540,2
100000246334862,155415196088,3
615392190,146840172053796,2
100003983956936,110449969042552,1
100007397583775,143738609018931,1
1467256311,164636565409,1
621088669,135324866614935,3
1037323773,148592598530893,1
1610063191,120125374732540,1
100004809481593,235635661555,2
1610063191,323940062859,4
627461733,146840172053796,5
100000020984894,133247926884581,4
100000003027681,323940062859,3
100001913598791,143738609018931,5
100004774503900,143738609018931,4
100002117640992,110449969042552,1
100003313892200,160393637349239,1
100002029145183,172095542845814,5
100001373619118,155155304551627,3
1237947698,144840492244832,5
693866924,110449969042552,4
100000154662520,125187904254346,1
100005255083362,148592598530893,5
100004232981997,129211230546960,5
523535666,235635661555,4
100003135945004,158689674204368,3
100001373619118,126883330726174,4
100004480358405,164636565409,4
100002068708844,144823785656129,5
1611407525,129211230546960,1
100006000282987,146840172053796,3
1644303521,151462301571537,4
627461733,160393637349239,1
100004774503900,323940062859,4
100000007146226,159149310881264,2
100000314622333,129923493826574,5
1323705021,161719933937426,1
1074302409,135324866614935,4
621160468,147680342090458,2
100003983956936,133247926884581,4
100006660042941,125187904254346,5
100003014155074,179007188862336,1
1207703985,177852742263101,1
1199917887,154417887804,1
100000075624269,168130960003446,5
100000258270676,168130960003446,2
1838668139,138826162963301,4
100000011204996,120230848080105,3
740310814,151462301571537,4
100000810083170,161719933937426,5
100006050701054,235635661555,1
100004818973680,120125374732540,3
1620489958,155155304551627,4
1519237200,235635661555,1
100006000282987,235635661555,5
100001508032831,158689674204368,1
1082542239,151462301571537,3
100005803532298,154417887804,5
588197218,120125374732540,3
521745901,164443800279534,3
100003174275699,105713669505240,2
100002771788104,158689674204368,4
100003740956308,117843318367122,3
100000022063998,160393637349239,2
523535666,108848622539178,1
1724485415,168130960003446,1
681347028,126883330726174,1
100004986103753,110449969042552,3
100006653014096,108848622539178,4
100002386552300,177852742263101,5
100004243690185,137450959610835,1
1494110584,161719933937426,4
100000534176829,120190574818017,2
100000204015308,129211230546960,2
100005265547542,179007188862336,3
100005071578333,138826162963301,1
832262655,138826162963301,5
100007397583775,179007188862336,4
100004241835085,159319357432792,5
100000139578020,151462301571537,2
100004378996456,161719933937426,2
100000022601707,117843318367122,5
100004315753402,164636565409,1
1846207798,158689674204368,2
559701552,171567263038699,1
100002086383319,147611895600078,1
1589618833,178798805502805,3
613011705,155415196088,4
1277772887,137450959610835,1
598358629,235635661555,4
1693436495,153977564805074,4
695699667,116431445169619,3
100000540110220,117843318367122,5
640598561,108848622539178,5
100001376660672,146373752131063,5
100000001838110,172095542845814,3
100000091444517,164443800279534,4
1207703985,138826162963301,1
100005883126013,147611895600078,1
100002386552300,146840172053796,3
664598015,120477108108421,4
100004333637697,125187904254346,2
100003302131170,153930936150,2
693866924,171567263038699,4
547935794,120190574818017,5
1302404446,126883330726174,4
100000810083170,137450959610835,5
693866924,151462301571537,4
100003014155074,159149310881264,4
519671326,129211230546960,5
1082542239,133247926884581,2
100000977786814,177852742263101,3
1061286240,129923493826574,3
1757460339,147680342090458,2
100004091418215,147611895600078,1
100002023041656,153977564805074,2
100000246334862,154417887804,2
638324973,151462301571537,3
100002762714938,126883330726174,5
1598370104,155415196088,3
1384565379,144840492244832,4
100002499986404,177852742263101,5
100005752234150,105713669505240,3
610075538,164636565409,5
100002206218166,235635661555,5
100004189566162,323940062859,2
1277772887,179007188862336,2
593580496,171567263038699,4
528403224,166478613405345,1
1610063191,108848622539178,1
100003758175737,110449969042552,4
100006314706508,168130960003446,3
588197218,137450959610835,4
100006794533776,135324866614935,4
100000227956283,146840172053796,5
100002023041656,120477108108421,1
100000003911051,129923493826574,1
100003204686004,138826162963301,2
1757460339,171567263038699,4
1497684066,143738609018931,1
100001606565162,160393637349239,3
503147812,135324866614935,1
1513775348,137450959610835,3
100000735842980,137450959610835,1
100004999806698,137450959610835,4
1639983732,144840492244832,2
100001276477282,135324866614935,5
100004774503900,159319357432792,1
100000008634737,146840172053796,1
644190469,154417887804,4
100003740956308,166478613405345,4
523535666,110449969042552,1
1306351711,117843318367122,2
1693436495,164443800279534,2
621160468,125187904254346,5
100004033939007,179007188862336,2
100000032542618,160393637349239,2
100002692395181,235635661555,3
100000810083170,160393637349239,2
1693436495,146840172053796,1
100001380631278,117843318367122,3
100002499986404,151462301571537,3
729482138,146373752131063,3
100005803532298,171567263038699,5
1494110584,179007188862336,2
615392190,125187904254346,5
664003959,144840492244832,3
100000997061036,151462301571537,2
593081887,120190574818017,4
1614901734,105713669505240,5
100000002604450,178798805502805,4
729482138,164443800279534,5
100005494152691,120230848080105,2
100003740956308,137450959610835,5
1598077508,164443800279534,1
100000180526457,161719933937426,3
100002375590481,147611895600078,3
100004131104268,120125374732540,4
1666551774,168130960003446,2
658824551,146373752131063,4
1646935423,177852742263101,1
100006969378359,166478613405345,1
100002193972053,168130960003446,4
1666551774,147680342090458,3
100001147504083,146373752131063,5
100000035637671,125187904254346,4
100004999806698,147680342090458,3
100003782751990,138826162963301,1
100004710841451,143738609018931,1
100004232981997,160393637349239,2
1384565379,323940062859,1
1322016324,147611895600078,5
100000597075136,178798805502805,5
100003880778934,179007188862336,1
1045016412,171567263038699,3
100007006482315,129923493826574,1
100000372097508,120230848080105,3
1467256311,108848622539178,1
100007616538060,108848622539178,2
100005883126013,166478613405345,3
100005492740924,148592598530893,2
100003612286027,164443800279534,4
100000372097508,159319357432792,4
100004091418215,120190574818017,3
1242378158,160393637349239,2
100003476848926,135324866614935,3
100006423340465,110449969042552,5
100001758205997,105713669505240,3
1306351711,178798805502805,4
100004315753402,177852742263101,2
100000001838110,153930936150,3
100005497787187,108848622539178,3
615392190,133247926884581,1
1110390035,168130960003446,3
1374772777,146373752131063,3
100000209720620,159319357432792,1
100003510892661,135324866614935,4
100002960150768,126883330726174,5
1519237200,120230848080105,4
1513775348,148592598530893,3
100000262697327,166478613405345,5
559701552,144840492244832,3
627461733,172095542845814,5
1598370104,172095542845814,4
100004091418215,147680342090458,2
100002614980807,116431445169619,4
100003060233648,159319357432792,3
1082542239,147680342090458,5
100000001838110,146373752131063,1
1000580920,143738609018931,4
1199917887,120190574818017,3
100004396568871,168130960003446,1
1670277017,160393637349239,3
1223345930,110449969042552,3
534002516,133247926884581,2
100003957361477,179007188862336,1
100001913598791,153977564805074,2
100001666335248,179007188862336,3
100001380631278,144823785656129,2
1826425893,179007188862336,2
100003957361477,323940062859,4
100002206218166,158689674204368,4
100000182911565,133247926884581,3
1045016412,164636565409,5
1350061605,158689674204368,2
100000020155049,126883330726174,1
100000035637671,159149310881264,3
755760252,159319357432792,5
100002703937662,144823785656129,5
1000580920,144840492244832,3
755760252,135324866614935,3
100003772971199,116431445169619,5
100000011204996,153977564805074,2
564713440,147680342090458,4
100003313892200,154417887804,1
100000560373322,158689674204368,2
100000008724871,125187904254346,2
615622630,110449969042552,5
100001927096613,159319357432792,2
100003621506511,120477108108421,4
100000310105520,159149310881264,2
100001945585533,120125374732540,5
100000007603931,135324866614935,3
1518174558,125187904254346,1
100005967634932,178798805502805,5
100002822781677,153977564805074,2
100003621506511,144840492244832,5
100005494152691,135324866614935,3
100004033939007,161719933937426,5
1610063191,120230848080105,4
100003621506511,147611895600078,3
100000475956468,177852742263101,3
100001611628578,138826162963301,1
100007482258317,161719933937426,5
100001862587747,146840172053796,5
100001380631278,125187904254346,1
100000001838110,144840492244832,5
100000031540532,159319357432792,3
1139052964,155415196088,3
100000609208444,168130960003446,3
1589618833,117843318367122,1
768940456,168130960003446,4
100006562117716,159319357432792,3
100004087592469,178798805502805,3
1207703985,153930936150,5
100003740956308,323940062859,5
564713440,116431445169619,2
100000262697327,143738609018931,1
100002960150768,144823785656129,3
100000008634737,171567263038699,2
100003283588971,151462301571537,2
100003864147955,151462301571537,3
100001380631278,159319357432792,5
100000125409787,172095542845814,1
1652543632,164443800279534,3
100004091418215,166478613405345,4
1302404446,144840492244832,3
100004710841451,158689674204368,2
100003957361477,138826162963301,3
593580496,159149310881264,3
100005410003757,164636565409,5
100003510892661,159319357432792,5
100001135916578,158689674204368,3
598358629,178798805502805,5
632956657,148592598530893,5
100001606565162,168130960003446,3
1598242447,116431445169619,5
1045016412,172095542845814,3
100002960150768,161719933937426,4
667012212,120230848080105,4
100000007146226,161719933937426,2
100006293718247,151462301571537,2
1513281077,153977564805074,5
100002574135258,129923493826574,1
100000182911565,164443800279534,5
737984834,177852742263101,4
608538621,146373752131063,1
100004710841451,164443800279534,1
667012212,147680342090458,4
100000007146226,179007188862336,3
695699667,117843318367122,5
100004243690185,148592598530893,3
100006562931062,153930936150,3
1821073255,133247926884581,3
100005948884662,160393637349239,1
100006996340435,160393637349239,1
100004378996456,155155304551627,3
100000007146226,164443800279534,4
1242378158,144823785656129,4
100000280986256,178798805502805,3
100001380631278,178798805502805,2
100002499986404,155155304551627,3
100007060812254,144840492244832,5
100003782751990,171567263038699,1
100000003027681,147680342090458,4
100000022063998,147611895600078,1
100005586607736,153930936150,5
100000475956468,159149310881264,1
100006893947085,235635661555,4
100006893947085,178798805502805,4
100004189566162,146373752131063,2
100000035637671,168130960003446,3
1589618833,235635661555,1
100003740956308,143738609018931,1
100002386552300,147611895600078,3
547935794,137450959610835,1
100000314622333,161719933937426,2
100003174275699,177852742263101,4
100000031540532,148592598530893,5
100000022037301,129923493826574,4
1403088666,120477108108421,2
100000237783119,120230848080105,5
100000237783119,105713669505240,2
100000075624269,155415196088,3
100003338956617,177852742263101,1
100001036962807,153930936150,1
598358629,116431445169619,5
595805206,168130960003446,4
100000977786814,120190574818017,5
679053199,120477108108421,3
1223345930,156320851099698,2
100004992043847,155155304551627,4
100001862587747,137450959610835,5
100000846077971,235635661555,4
1323705021,108848622539178,3
1821073255,120477108108421,4
100003351693664,323940062859,1
748760882,126883330726174,2
1432832609,153977564805074,4
100000735842980,143738609018931,1
1518174558,138826162963301,3
100001598546521,146840172053796,5
1610063191,168130960003446,2
100003874893776,133247926884581,1
737984834,155415196088,4
100004376762871,120230848080105,1
100000534176829,129211230546960,2
1519604796,179007188862336,3
100005492740924,135324866614935,4
596843459,154417887804,1
100004404283808,159319357432792,3
100003874893776,146373752131063,3
100003712218623,143738609018931,1
1374772777,120190574818017,3
100001819269129,164443800279534,1
664923221,155415196088,4
100001336830535,120230848080105,2
100003874893776,235635661555,4
100003880778934,148592598530893,3
100006432816839,108848622539178,1
1679703358,133247926884581,4
100004480358405,153930936150,1
100002386552300,110449969042552,5
100000372097508,155155304551627,1
100002726142573,148592598530893,4
100001229906490,129211230546960,2
100003351693664,125187904254346,2
100001934884830,179007188862336,5
100000020155049,147680342090458,5
100003621506511,155415196088,3
100001229906490,144823785656129,4
100003612286027,160393637349239,1
100003276515032,120477108108421,4
779113419,177852742263101,5
100000024735342,135324866614935,5
100006562931062,178798805502805,4
100004315753402,172095542845814,4
100001303770837,164443800279534,5
100000609208444,164636565409,5
100000038509577,147611895600078,3
100000022063998,166478613405345,3
1114475224,125187904254346,5
1255223531,120190574818017,4
100000036531306,160393637349239,4
100004396568871,160393637349239,1
63201280,129211230546960,1
100000314622333,164636565409,4
100005243263626,160393637349239,2
100000005145400,135324866614935,3
100002960150768,177852742263101,4
100004396568871,161719933937426,1
1666551774,166478613405345,2
100000011204996,154417887804,2
100004087592469,177852742263101,2
100002703937662,177852742263101,3
528403224,161719933937426,4
100000246334862,144840492244832,1
1455259949,153977564805074,2
100005562856369,164636565409,1
100001336830535,116431445169619,2
1826425893,172095542845814,3
1670277017,156320851099698,2
100003864147955,133247926884581,1
721147561,159149310881264,5
100005838663214,116431445169619,2
1033042998,164443800279534,1
100000033283940,126883330726174,5
100006050701054,108848622539178,1
588197218,144823785656129,1
519919668,147611895600078,2
100003302131170,120190574818017,3
100002346431692,166478613405345,5
100003599382407,133247926884581,1
100003276515032,323940062859,1
1109970576,179007188862336,3
100000091444517,148592598530893,4
100004774503900,129923493826574,2
523535666,154417887804,3
100000516152018,138826162963301,1
100006490836207,146373752131063,5
100000534176829,129923493826574,1
100007482258317,146840172053796,5
100004480358405,120190574818017,1
100004232981997,146373752131063,2
1620489958,164636565409,1
549136173,159319357432792,4
1207703985,178798805502805,4
100000560373322,105713669505240,2
100003476848926,151462301571537,5
100001945585533,151462301571537,4
100003827541909,108848622539178,5
729482138,120190574818017,3
100001611628578,135324866614935,2
100004114540518,138826162963301,4
100001351271211,172095542845814,2
100003845538149,156320851099698,4
100003845538149,129923493826574,1
100001376660672,158689674204368,4
100000091444517,153977564805074,4
100004809481593,120125374732540,5
100000015315103,138826162963301,1
521745901,147680342090458,3
100004478051543,147611895600078,2
100005742132637,235635661555,2
100005752234150,153930936150,4
100003033195826,137450959610835,5
1412995348,120125374732540,5
100000038509577,323940062859,5
100001945585533,129923493826574,5
100003283588971,155155304551627,1
644190469,147611895600078,4
664003959,235635661555,4
100000246334862,120230848080105,2
664003959,164636565409,1
100001606565162,120125374732540,4
100004232981997,178798805502805,1
1467256311,156320851099698,5
506654084,144840492244832,2
100000007709176,235635661555,1
1821073255,158689674204368,2
627461733,235635661555,3
100001211029412,178798805502805,2
100000275038806,156320851099698,4
100002375590481,166478613405345,4
518507071,168130960003446,3
1322016324,159149310881264,4
100002029145183,179007188862336,3
100006490836207,161719933937426,3
100004550490223,159149310881264,4
639934260,120125374732540,2
1000580920,155415196088,4
100000490538158,108848622539178,1
100002960150768,137450959610835,3
739684002,178798805502805,2
100000359517051,133247926884581,1
100000024735342,177852742263101,3
100000182911565,146840172053796,1
100006050701054,120125374732540,3
100001758205997,151462301571537,4
768940456,148592598530893,3
100000977786814,151462301571537,5
100003942458113,144823785656129,2
100006073659169,177852742263101,4
1620489958,153930936150,5
100000310105520,151462301571537,5
1208583305,160393637349239,5
100003612286027,110449969042552,1
100002432018603,144823785656129,2
519919668,129211230546960,5
100000161385568,129923493826574,1
100005410003757,171567263038699,3
100001819269129,125187904254346,5
519671326,154417887804,3
100003302131170,155415196088,1
639934260,153977564805074,3
100000014811515,161719933937426,3
100006266404424,120125374732540,4
100002771788104,120477108108421,1
100003060233648,153977564805074,2
100005838663214,138826162963301,2
100000182911565,117843318367122,2
1679703358,153977564805074,1
587297798,147680342090458,5
1051284751,171567263038699,4
100000154662520,116431445169619,5
100000185810386,168130960003446,3
100000387923841,153977564805074,1
100000237783119,110449969042552,1
100000031118991,137450959610835,3
610075538,153930936150,1
100004114540518,125187904254346,5
559701552,137450959610835,2
100003952834962,120477108108421,2
100000006542166,160393637349239,1
100001236394012,164636565409,3
1598370104,144823785656129,1
100000262697327,146373752131063,5
1635892542,146840172053796,5
100004774503900,166478613405345,3
100007006482315,147680342090458,4
1114475224,164636565409,2
100000237783119,154417887804,1
100003014155074,129923493826574,1
100000209720620,155415196088,1
1451956117,120125374732540,2
1199917887,160393637349239,4
549136173,135324866614935,2
1074784375,323940062859,3
100004480358405,151462301571537,4
100001351271211,108848622539178,4
100000148213997,105713669505240,5
503147812,151462301571537,2
737984834,144823785656129,5
664923221,172095542845814,5
100000012559110,235635661555,3
100000206175443,120190574818017,3
27302595,151462301571537,3
100000006542166,137450959610835,5
100002086383319,129211230546960,1
100004333637697,151462301571537,4
100002841202016,110449969042552,4
664598015,147680342090458,1
100006293718247,323940062859,5
1208583305,161719933937426,3
1178524031,126883330726174,4
100004016086496,172095542845814,3
582766997,164443800279534,3
100000020984894,138826162963301,1
624118009,156320851099698,5
1082542239,146373752131063,1
1223345930,137450959610835,4
100000550722096,138826162963301,4
1378861717,133247926884581,4
100003283588971,144840492244832,1
100001303770837,154417887804,5
100003060233648,146373752131063,3
676024327,105713669505240,1
100000275038806,143738609018931,1
779285152,323940062859,1
100000011204996,144840492244832,4
1539999299,161719933937426,3
100004315753402,156320851099698,2
100000387923841,144823785656129,4
100000969833042,110449969042552,1
1432832609,172095542845814,2
100005843806269,168130960003446,4
100000832309403,179007188862336,1
1494110584,126883330726174,4
100001598546521,153930936150,4
1037323773,144823785656129,4
100000609208444,126883330726174,4
100007482258317,147611895600078,2
100005838663214,146373752131063,1
755760252,177852742263101,4
100002621631436,116431445169619,4
100002375590481,172095542845814,1
100000003027681,105713669505240,4
1045016412,177852742263101,3
556334514,153930936150,4
100005183204261,235635661555,5
1812498467,125187904254346,5
100000659781431,155155304551627,1
100006460242923,155155304551627,1
100000094177915,120230848080105,4
1045016412,147680342090458,4
1109970576,147611895600078,3
621088669,126883330726174,3
100006432816839,120125374732540,1
100005660080086,161719933937426,5
100000209720620,153977564805074,4
100000001838110,177852742263101,2
100001694628536,146840172053796,5
100004825651227,129923493826574,4
100000161385568,154417887804,5
100003612286027,144823785656129,4
100001376660672,135324866614935,1
1061286240,133247926884581,4
100000810083170,120230848080105,5
100000125409787,171567263038699,4
100006266404424,153930936150,1
100003033195826,159149310881264,4
100000419470239,166478613405345,2
100000012559110,135324866614935,4
100004550490223,120477108108421,5
608538621,158689674204368,5
644190469,171567263038699,5
100006876901769,164443800279534,5
1074302409,105713669505240,1
100001276477282,105713669505240,3
100001036962807,168130960003446,4
631290400,166478613405345,5
1821073255,108848622539178,5
100004396568871,135324866614935,2
100002572084234,159319357432792,4
681347028,147611895600078,2
100000372097508,161719933937426,3
1223345930,133247926884581,5
100000028326286,155155304551627,1
718963643,116431445169619,5
100003714734748,120125374732540,1
100007709821363,117843318367122,1
640598561,151462301571537,3
664003959,117843318367122,3
681347028,172095542845814,4
1646935423,159319357432792,4
100005586607736,154417887804,1
100004087592469,155415196088,1
1350061605,144840492244832,3
100000014811515,105713669505240,3
1237947698,166478613405345,4
100006876901769,144840492244832,4
100003874893776,166478613405345,5
1846207798,143738609018931,1
569412541,147611895600078,2
100003476848926,158689674204368,2
100000475956468,153977564805074,5
100000861415627,110449969042552,3
100007844224049,164443800279534,3
100001945585533,116431445169619,2
1322016324,144823785656129,3
100006050701054,151462301571537,3
100001508516419,126883330726174,3
664003959,158689674204368,3
100007709821363,120190574818017,4
100002822781677,144840492244832,1
664598015,171567263038699,2
100004552833527,155155304551627,4
100003351693664,166478613405345,4
1846207798,120190574818017,4
100003712218623,120477108108421,5
100003204686004,159149310881264,2
100001074840096,164443800279534,5
100002960150768,120125374732540,1
100003846499853,120125374732540,3
100001508032831,144823785656129,3
1037323773,164443800279534,1
100007482258317,177852742263101,5
624118009,117843318367122,2
100001758205997,179007188862336,5
100002692395181,120190574818017,2
779285152,147680342090458,2
1835701340,171567263038699,5
1513775348,155415196088,2
100005183204261,137450959610835,1
100004033939007,148592598530893,3
1796930363,151462301571537,2
100004090129698,323940062859,4
100006653014096,177852742263101,2
100004131104268,146373752131063,2
100000505024702,110449969042552,3
100006653014096,143738609018931,3
1467256311,154417887804,4
1646935423,161719933937426,4
1693436495,129211230546960,3
1021751412,125187904254346,4
100000310105520,146373752131063,1
100001508516419,116431445169619,3
593580496,146373752131063,4
1045016412,166478613405345,1
1063010754,148592598530893,3
755760252,166478613405345,5
100001303770837,179007188862336,1
641360200,143738609018931,4
1412995348,151462301571537,5
598358629,110449969042552,3
1374772777,159149310881264,3
1598242447,171567263038699,3
100001373619118,177852742263101,5
1812498467,148592598530893,1
100000031118991,155415196088,1
100005494152691,110449969042552,1
1832124104,164443800279534,2
100004986103753,116431445169619,2
708757798,151462301571537,3
587297798,135324866614935,2
100000475956468,154417887804,4
100002856594952,323940062859,4
100004326573913,235635661555,2
100000810083170,168130960003446,3
100004774503900,120477108108421,4
100003338956617,178798805502805,4
100000314622333,125187904254346,1
100000028326286,148592598530893,3
100000597075136,164636565409,3
1519604796,120125374732540,3
100006562117716,178798805502805,2
100001611628578,171567263038699,4
100003864147955,153977564805074,2
100006562931062,120230848080105,4
1846207798,160393637349239,2
521745901,120477108108421,5
1652543632,120190574818017,1
1004474797,146373752131063,3
100000969833042,144823785656129,3
610075538,116431445169619,4
